<ImportExportXml xmlns:xsi="http://www.w3.org/2001/XMLSchema-instance">
  <Entities></Entities>
  <Roles></Roles>
  <Workflows></Workflows>
  <FieldSecurityProfiles></FieldSecurityProfiles>
  <Templates />
  <EntityMaps />
  <EntityRelationships />
  <OrganizationSettings />
  <optionsets />
  <WebResources>
    <WebResource>
      <WebResourceId>{35261d01-ba24-e711-80eb-c4346bacfbbc}</WebResourceId>
      <Name>sav_/script/jqueryui.js</Name>
      <DisplayName>/script/jqueryui.js</DisplayName>
      <WebResourceType>3</WebResourceType>
      <IntroducedVersion>1.0.0.0</IntroducedVersion>
      <IsEnabledForMobileClient>0</IsEnabledForMobileClient>
      <IsAvailableForMobileOffline>0</IsAvailableForMobileOffline>
      <DependencyXml>&lt;Dependencies&gt;&lt;Dependency componentType="WebResource"/&gt;&lt;/Dependencies&gt;</DependencyXml>
      <IsCustomizable>1</IsCustomizable>
      <CanBeDeleted>1</CanBeDeleted>
      <IsHidden>0</IsHidden>
      <FileName>/WebResources/sav_scriptjqueryuijs35261D01-BA24-E711-80EB-C4346BACFBBC</FileName>
    </WebResource>
    <WebResource>
      <WebResourceId>{f4aa2256-ba24-e711-80eb-c4346bacfbbc}</WebResourceId>
      <Name>sav_/script/jqueryui.min.js</Name>
      <DisplayName>/script/jqueryui.min.js</DisplayName>
      <WebResourceType>3</WebResourceType>
      <IntroducedVersion>1.0.0.0</IntroducedVersion>
      <IsEnabledForMobileClient>0</IsEnabledForMobileClient>
      <IsAvailableForMobileOffline>0</IsAvailableForMobileOffline>
      <DependencyXml>&lt;Dependencies&gt;&lt;Dependency componentType="WebResource"/&gt;&lt;/Dependencies&gt;</DependencyXml>
      <IsCustomizable>1</IsCustomizable>
      <CanBeDeleted>1</CanBeDeleted>
      <IsHidden>0</IsHidden>
      <FileName>/WebResources/sav_scriptjqueryuiminjsF4AA2256-BA24-E711-80EB-C4346BACFBBC</FileName>
    </WebResource>
    <WebResource>
      <WebResourceId>{a72d256e-ba24-e711-80eb-c4346bacfbbc}</WebResourceId>
      <Name>sav_/WS/jqueryui.css</Name>
      <DisplayName>/WS/jqueryui.css</DisplayName>
      <WebResourceType>2</WebResourceType>
      <IntroducedVersion>1.0.0.0</IntroducedVersion>
      <IsEnabledForMobileClient>0</IsEnabledForMobileClient>
      <IsAvailableForMobileOffline>0</IsAvailableForMobileOffline>
      <DependencyXml>&lt;Dependencies&gt;&lt;Dependency componentType="WebResource"/&gt;&lt;/Dependencies&gt;</DependencyXml>
      <IsCustomizable>1</IsCustomizable>
      <CanBeDeleted>1</CanBeDeleted>
      <IsHidden>0</IsHidden>
      <FileName>/WebResources/sav_WSjqueryuicssA72D256E-BA24-E711-80EB-C4346BACFBBC</FileName>
    </WebResource>
    <WebResource>
      <WebResourceId>{52e9a09b-c024-e711-80eb-c4346bacfbbc}</WebResourceId>
      <Name>sav_/WS/search.png</Name>
      <DisplayName>/WS/search.png</DisplayName>
      <WebResourceType>5</WebResourceType>
      <IntroducedVersion>1.0.0.0</IntroducedVersion>
      <IsEnabledForMobileClient>0</IsEnabledForMobileClient>
      <IsAvailableForMobileOffline>0</IsAvailableForMobileOffline>
      <DependencyXml>&lt;Dependencies&gt;&lt;Dependency componentType="WebResource"/&gt;&lt;/Dependencies&gt;</DependencyXml>
      <IsCustomizable>1</IsCustomizable>
      <CanBeDeleted>1</CanBeDeleted>
      <IsHidden>0</IsHidden>
      <FileName>/WebResources/sav_WSsearchpng52E9A09B-C024-E711-80EB-C4346BACFBBC</FileName>
    </WebResource>
    <WebResource>
      <WebResourceId>{a28a7d91-7129-e711-80ed-c4346bacfbbc}</WebResourceId>
      <Name>sav_/script/googleMap.js</Name>
      <DisplayName>/script/googleMap.js</DisplayName>
      <WebResourceType>3</WebResourceType>
      <IntroducedVersion>1.0.0.0</IntroducedVersion>
      <IsEnabledForMobileClient>0</IsEnabledForMobileClient>
      <IsAvailableForMobileOffline>0</IsAvailableForMobileOffline>
      <DependencyXml>&lt;Dependencies&gt;&lt;Dependency componentType="WebResource"/&gt;&lt;/Dependencies&gt;</DependencyXml>
      <IsCustomizable>1</IsCustomizable>
      <CanBeDeleted>1</CanBeDeleted>
      <IsHidden>0</IsHidden>
      <FileName>/WebResources/sav_scriptgoogleMapjsA28A7D91-7129-E711-80ED-C4346BACFBBC</FileName>
    </WebResource>
    <WebResource>
      <WebResourceId>{60ff5ee9-7129-e711-80ed-c4346bacfbbc}</WebResourceId>
      <Name>sav_/WS/googleMap.html</Name>
      <DisplayName>/WS/googleMap.html</DisplayName>
      <WebResourceType>1</WebResourceType>
      <IntroducedVersion>1.0.0.0</IntroducedVersion>
      <IsEnabledForMobileClient>0</IsEnabledForMobileClient>
      <IsAvailableForMobileOffline>0</IsAvailableForMobileOffline>
      <DependencyXml>&lt;Dependencies&gt;&lt;Dependency componentType="WebResource"/&gt;&lt;/Dependencies&gt;</DependencyXml>
      <IsCustomizable>1</IsCustomizable>
      <CanBeDeleted>1</CanBeDeleted>
      <IsHidden>0</IsHidden>
      <FileName>/WebResources/sav_WSgoogleMaphtml60FF5EE9-7129-E711-80ED-C4346BACFBBC</FileName>
    </WebResource>
    <WebResource>
      <WebResourceId>{0c85b7cf-8825-e711-80ec-c4346badc680}</WebResourceId>
      <Name>sav_/script/fetchutil.js</Name>
      <DisplayName>/script/fetchutil.js</DisplayName>
      <WebResourceType>3</WebResourceType>
      <IntroducedVersion>1.0.0.0</IntroducedVersion>
      <IsEnabledForMobileClient>0</IsEnabledForMobileClient>
      <IsAvailableForMobileOffline>0</IsAvailableForMobileOffline>
      <DependencyXml>&lt;Dependencies&gt;&lt;Dependency componentType="WebResource"/&gt;&lt;/Dependencies&gt;</DependencyXml>
      <IsCustomizable>1</IsCustomizable>
      <CanBeDeleted>1</CanBeDeleted>
      <IsHidden>0</IsHidden>
      <FileName>/WebResources/sav_scriptfetchutiljs0C85B7CF-8825-E711-80EC-C4346BADC680</FileName>
    </WebResource>
  </WebResources>
  <Languages>
    <Language>1033</Language>
  </Languages>
</ImportExportXml>